Workbook

Sheet Debrup Motilal
B1: INVESTMENT | K1: SWP
A3: Date | B3: Units | C3: NAV | D3: Investement | I3: Date | J3: Units | K3: Remaining Units | L3: NAV | M3: Cashflow | N3: Capital Gain/Loss | O3: Balance
A4: 45505 | B4: 17898.23 | C4: 112.69 | D4: =B4*C4 -> 2016951.5 | I4: 46031 | J4: =M4/L4 -> 88.308018 | K4: =B4-J4 -> 17809.922 | L4: 113.24 | M4: 10000 | N4: =(J4*L4)-(J4*$C$4) -> 48.56941 | O4: =K4*L4 -> 2016795.6
I5: 46055 | J5: =M5/L5 -> 94.741829 | K5: =K4-J5 -> 17715.18 | L5: 105.55 | M5: 10000 | N5: =(J5*L5)-(J5*$C$4) -> -676.45666 | O5: =K5*L5 -> 1869837.3
I6: 46083 | J6: =M6/L6 -> 98.648515 | K6: =K5-J6 -> 17616.532 | L6: 101.37 | M6: 10000 | N6: =(J6*L6)-(J6*$C$4) -> -1116.7012 | O6: =K6*L6 -> 1785787.8
B7: TOTAL UNITS | I7: 46113 | J7: =M7/L7 -> 104.58063 | K7: =K6-J7 -> 17511.951 | L7: 95.62 | M7: 10000 | N7: =(J7*L7)-(J7*$C$4) -> -1785.1914 | O7: =K7*L7 -> 1674492.8
A8: DATE | B8: UNITS | C8: NAV | D8: BALANCE | I8: 46146 | J8: =M8/L8 -> 94.885663 | K8: =K7-J8 -> 17417.065 | L8: 105.39 | M8: 10000 | N8: =(J8*L8)-(J8*$C$4) -> -692.66534 | O8: =K8*L8 -> 1835584.5
A9: 45539 | B9: =B4+Jayashree!B17 -> 37574.119 | C9: =D9/B9 -> 117.54984 | D9: =D4+Jayashree!D17 -> 4416831.5 | I9: 46174 | J9: =M9/L9 -> 95.30163 | K9: =K8-J9 -> 17321.764 | L9: 104.93 | M9: 10000 | N9: =(J9*L9)-(J9*$C$4) -> -739.54065 | O9: =K9*L9 -> 1817572.7
A10: 45300 | B10: =B9-J4-Jayashree!J4 -> 37351.595 | C10: =(L4+Jayashree!L4)/2 -> 112.5 | D10: =B10*C10 -> 4202054.4 | I10: 46204 | J10: =M10/L10 -> 91.516427 | K10: =K9-J10 -> 17230.247 | L10: 109.27 | M10: 10000 | N10: =(J10*L10)-(J10*$C$4) -> -312.98618 | O10: =K10*L10 -> 1882749.1
A11: 46055 | B11: =B10-J5-Jayashree!J5 -> 37114.74 | C11: 105.55 | D11: =B11*C11 -> 3917460.8
A12: 46083 | B12: =B11-J6-Jayashree!J6 -> 36868.119 | C12: 101.37 | D12: =B12*C12 -> 3737321.2 | J12: =(J9+Jayashree!J9)*L9 -> 25000
A13: 46113 | B13: =B12-J7-Jayashree!J7 -> 36606.667 | C13: 95.62 | D13: =B13*C13 -> 3500329.5
A14: 46146 | B14: =B13-J8-Jayashree!J8 -> 36369.453 | C14: 105.39 | D14: =B14*C14 -> 3832976.7
A15: 46174 | B15: =B14-J9-Jayashree!J9 -> 36131.199 | C15: 104.93 | D15: =B15*C15 -> 3791246.7
A16: 46204 | B16: =B15-J10-Jayashree!J10 -> 35902.408 | C16: 109.27 | D16: =B16*C16 -> 3923056.1

Sheet Jayashree
B1: INVESTMENT | L1: SWP
A3: Date | B3: Units | C3: NAV | D3: Investement | I3: Date | J3: Units | K3: Remaining Units | L3: NAV | M3: Cashflow | N3: Capital Gain/Loss | O3: Balance
A4: 45560 | B4: =D4/C4 -> 1978.3035 | C4: 121.31 | D4: 239988 | I4: 46041 | J4: =M4/L4 -> 134.21618 | K4: =B17-J4 -> 19541.673 | L4: 111.76 | M4: 15000 | N4: =(J4*L4)-(J4*C4) -> -1281.7645 | O4: =K4*L4 -> 2183977.3
A5: 45561 | B5: =D5/C5 -> 817.95501 | C5: 122.25 | D5: 99995 | I5: 46055 | J5: =M5/L5 -> 142.11274 | K5: =K4-J5 -> 19399.56 | L5: 105.55 | M5: 15000 | N5: =(J5*L5)-(J5*C4) -> -2239.6968 | O5: =K5*L5 -> 2047623.6
A6: 45561 | B6: =D6/C6 -> 1145.137 | C6: 122.25 | D6: 139993 | I6: 46083 | J6: =M6/L6 -> 147.97277 | K6: =K5-J6 -> 19251.587 | L6: 101.37 | M6: 15000 | N6: =(J6*L6)-(J6*C4) -> -2950.5771 | O6: =K6*L6 -> 1951533.4
A7: 45562 | B7: =D7/C7 -> 1963.2526 | C7: 122.24 | D7: 239988 | I7: 46113 | J7: =M7/L7 -> 156.87095 | K7: =K6-J7 -> 19094.716 | L7: 95.62 | M7: 15000 | N7: =(J7*L7)-(J7*C4) -> -4030.0146 | O7: =K7*L7 -> 1825836.8
A8: 45565 | B8: =D8/C8 -> 5826.8372 | C8: 123.56 | D8: 719964 | I8: 46146 | J8: =M8/L8 -> 142.32849 | K8: =K7-J8 -> 18952.388 | L8: 105.39 | M8: 15000 | N8: =(J8*L8)-(J8*C4) -> -2265.8696 | O8: =K8*L8 -> 1997392.2
A9: 45566 | B9: =D9/C9 -> 1972.4501 | C9: 121.67 | D9: 239988 | I9: 46174 | J9: =M9/L9 -> 142.95244 | K9: =K8-J9 -> 18809.435 | L9: 104.93 | M9: 15000 | N9: =(J9*L9)-(J9*C4) -> -2341.561 | O9: =K9*L9 -> 1973674.1
A10: 45568 | B10: =D10/C10 -> 3988.8307 | C10: 120.33 | D10: 479976 | I10: 46204 | J10: =M10/L10 -> 137.27464 | K10: =K9-J10 -> 18672.161 | L10: 109.27 | M10: 15000 | N10: =(J10*L10)-(J10*C5) -> -1781.8248 | O10: =K10*L10 -> 2040307
A11: 45568 | B11: =D11/C11 -> 82.18542 | C11: 121.67 | D11: 9999.5 | N11: =SUM(N4:N10) -> -16891.309
A12: 45569 | B12: =D12/C12 -> 831.0064 | C12: 120.33 | D12: 99995 | G12: =B4-J4-J5-J6-J7-J8 -> 1254.8024
A13: 45572 | B13: =D13/C13 -> 418.24912 | C13: 119.54 | D13: 49997.5
A14: 45573 | B14: =D14/C14 -> 164.02034 | C14: 121.93 | D14: 19999
A15: 45574 | B15: =D15/C15 -> 325.1077 | C15: 123.03 | D15: 39998
A16: 45574 | B16: =D16/C16 -> 162.55385 | C16: 123.03 | D16: 19999
B17: =SUM(B4:B16) -> 19675.889 | C17: =AVERAGE(C4:C16) -> 121.78 | D17: =SUM(D4:D16) -> 2399880

Sheet Sheet3
